{"cameraMode":{"drawMode":0,"name":"Shaded","section":"Shading Mode"},"sceneLighting":false,"audioPlay":false,"sceneViewState":{"m_AlwaysRefresh":false,"showFog":true,"showSkybox":false,"showFlares":true,"showImageEffects":true,"showParticleSystems":true,"showVisualEffectGraphs":true,"m_FxEnabled":true},"in2DMode":false,"pivot":{"x":-0.016768405213952066,"y":0.5369458198547363,"z":-0.00045528262853622437},"rotation":{"x":-0.12644201517105103,"y":-0.8692106604576111,"z":0.3816896677017212,"w":-0.2885165512561798},"size":0.14701752364635468,"orthographic":false}